,id,title,recommendation,rec_id
0,86,"Frank's Campaign; Or, The Farm and the Camp",Amazing title,65
1,86,"Frank's Campaign; Or, The Farm and the Camp",The Crystal Stopper,83
2,86,"Frank's Campaign; Or, The Farm and the Camp",Men of Iron,82
3,86,"Frank's Campaign; Or, The Farm and the Camp",The Marriage Contract,81
4,86,"Frank's Campaign; Or, The Farm and the Camp",The Hidden Masterpiece,79
5,86,"Frank's Campaign; Or, The Farm and the Camp",The Last Days of Pompeii,84
6,86,"Frank's Campaign; Or, The Farm and the Camp","A Lady of QualityBeing a Most Curious, Hitherto Unknown History, as Related",78
7,86,"Frank's Campaign; Or, The Farm and the Camp",Fallout: An NCR Ranger's Tale,171
8,86,"Frank's Campaign; Or, The Farm and the Camp",The Legend of the Ten Rings,173
9,86,"Frank's Campaign; Or, The Farm and the Camp",Richard the 3rd,165
10,86,"Frank's Campaign; Or, The Farm and the Camp",Adieu,80
11,86,"Frank's Campaign; Or, The Farm and the Camp",The Lily of the Valley,85
12,86,"Frank's Campaign; Or, The Farm and the Camp",The Legend of the Ashen Knight,174
13,86,"Frank's Campaign; Or, The Farm and the Camp",A Space Adventure,148
0,65,Amazing title,Amazing title,65
1,65,Amazing title,The Crystal Stopper,83
2,65,Amazing title,Men of Iron,82
3,65,Amazing title,The Marriage Contract,81
4,65,Amazing title,The Hidden Masterpiece,79
5,65,Amazing title,The Last Days of Pompeii,84
6,65,Amazing title,"A Lady of QualityBeing a Most Curious, Hitherto Unknown History, as Related",78
7,65,Amazing title,Fallout: An NCR Ranger's Tale,171
8,65,Amazing title,The Legend of the Ten Rings,173
9,65,Amazing title,Richard the 3rd,165
10,65,Amazing title,Adieu,80
11,65,Amazing title,The Lily of the Valley,85
12,65,Amazing title,The Legend of the Ashen Knight,174
13,65,Amazing title,A Space Adventure,148
0,83,The Crystal Stopper,The Lily of the Valley,85
1,83,The Crystal Stopper,"Frank's Campaign; Or, The Farm and the Camp",86
2,83,The Crystal Stopper,Amazing title,65
3,83,The Crystal Stopper,Men of Iron,82
4,83,The Crystal Stopper,The Marriage Contract,81
5,83,The Crystal Stopper,The Hidden Masterpiece,79
6,83,The Crystal Stopper,The Last Days of Pompeii,84
7,83,The Crystal Stopper,"A Lady of QualityBeing a Most Curious, Hitherto Unknown History, as Related",78
8,83,The Crystal Stopper,Fallout: An NCR Ranger's Tale,171
9,83,The Crystal Stopper,The Legend of the Ten Rings,173
10,83,The Crystal Stopper,Richard the 3rd,165
11,83,The Crystal Stopper,Adieu,80
12,83,The Crystal Stopper,The Legend of the Ashen Knight,174
13,83,The Crystal Stopper,A Space Adventure,148
0,82,Men of Iron,"Frank's Campaign; Or, The Farm and the Camp",86
1,82,Men of Iron,Amazing title,65
2,82,Men of Iron,The Crystal Stopper,83
3,82,Men of Iron,The Marriage Contract,81
4,82,Men of Iron,The Hidden Masterpiece,79
5,82,Men of Iron,The Last Days of Pompeii,84
6,82,Men of Iron,"A Lady of QualityBeing a Most Curious, Hitherto Unknown History, as Related",78
7,82,Men of Iron,Fallout: An NCR Ranger's Tale,171
8,82,Men of Iron,The Legend of the Ten Rings,173
9,82,Men of Iron,Richard the 3rd,165
10,82,Men of Iron,Adieu,80
11,82,Men of Iron,The Lily of the Valley,85
12,82,Men of Iron,The Legend of the Ashen Knight,174
13,82,Men of Iron,A Space Adventure,148
0,81,The Marriage Contract,Amazing title,65
1,81,The Marriage Contract,The Crystal Stopper,83
2,81,The Marriage Contract,Men of Iron,82
3,81,The Marriage Contract,The Marriage Contract,81
4,81,The Marriage Contract,The Hidden Masterpiece,79
5,81,The Marriage Contract,The Last Days of Pompeii,84
6,81,The Marriage Contract,"A Lady of QualityBeing a Most Curious, Hitherto Unknown History, as Related",78
7,81,The Marriage Contract,Fallout: An NCR Ranger's Tale,171
8,81,The Marriage Contract,The Legend of the Ten Rings,173
9,81,The Marriage Contract,Richard the 3rd,165
10,81,The Marriage Contract,Adieu,80
11,81,The Marriage Contract,The Lily of the Valley,85
12,81,The Marriage Contract,The Legend of the Ashen Knight,174
13,81,The Marriage Contract,A Space Adventure,148
0,79,The Hidden Masterpiece,"Frank's Campaign; Or, The Farm and the Camp",86
1,79,The Hidden Masterpiece,Amazing title,65
2,79,The Hidden Masterpiece,The Crystal Stopper,83
3,79,The Hidden Masterpiece,Men of Iron,82
4,79,The Hidden Masterpiece,The Marriage Contract,81
5,79,The Hidden Masterpiece,The Last Days of Pompeii,84
6,79,The Hidden Masterpiece,"A Lady of QualityBeing a Most Curious, Hitherto Unknown History, as Related",78
7,79,The Hidden Masterpiece,Fallout: An NCR Ranger's Tale,171
8,79,The Hidden Masterpiece,The Legend of the Ten Rings,173
9,79,The Hidden Masterpiece,Richard the 3rd,165
10,79,The Hidden Masterpiece,Adieu,80
11,79,The Hidden Masterpiece,The Lily of the Valley,85
12,79,The Hidden Masterpiece,The Legend of the Ashen Knight,174
13,79,The Hidden Masterpiece,A Space Adventure,148
0,84,The Last Days of Pompeii,"Frank's Campaign; Or, The Farm and the Camp",86
1,84,The Last Days of Pompeii,Amazing title,65
2,84,The Last Days of Pompeii,The Crystal Stopper,83
3,84,The Last Days of Pompeii,Men of Iron,82
4,84,The Last Days of Pompeii,The Marriage Contract,81
5,84,The Last Days of Pompeii,The Hidden Masterpiece,79
6,84,The Last Days of Pompeii,"A Lady of QualityBeing a Most Curious, Hitherto Unknown History, as Related",78
7,84,The Last Days of Pompeii,Fallout: An NCR Ranger's Tale,171
8,84,The Last Days of Pompeii,The Legend of the Ten Rings,173
9,84,The Last Days of Pompeii,Richard the 3rd,165
10,84,The Last Days of Pompeii,Adieu,80
11,84,The Last Days of Pompeii,The Lily of the Valley,85
12,84,The Last Days of Pompeii,The Legend of the Ashen Knight,174
13,84,The Last Days of Pompeii,A Space Adventure,148
0,78,"A Lady of QualityBeing a Most Curious, Hitherto Unknown History, as Related","Frank's Campaign; Or, The Farm and the Camp",86
1,78,"A Lady of QualityBeing a Most Curious, Hitherto Unknown History, as Related",Amazing title,65
2,78,"A Lady of QualityBeing a Most Curious, Hitherto Unknown History, as Related",The Crystal Stopper,83
3,78,"A Lady of QualityBeing a Most Curious, Hitherto Unknown History, as Related",Men of Iron,82
4,78,"A Lady of QualityBeing a Most Curious, Hitherto Unknown History, as Related",The Marriage Contract,81
5,78,"A Lady of QualityBeing a Most Curious, Hitherto Unknown History, as Related",The Hidden Masterpiece,79
6,78,"A Lady of QualityBeing a Most Curious, Hitherto Unknown History, as Related",The Last Days of Pompeii,84
7,78,"A Lady of QualityBeing a Most Curious, Hitherto Unknown History, as Related",Fallout: An NCR Ranger's Tale,171
8,78,"A Lady of QualityBeing a Most Curious, Hitherto Unknown History, as Related",The Legend of the Ten Rings,173
9,78,"A Lady of QualityBeing a Most Curious, Hitherto Unknown History, as Related",Richard the 3rd,165
10,78,"A Lady of QualityBeing a Most Curious, Hitherto Unknown History, as Related",Adieu,80
11,78,"A Lady of QualityBeing a Most Curious, Hitherto Unknown History, as Related",The Lily of the Valley,85
12,78,"A Lady of QualityBeing a Most Curious, Hitherto Unknown History, as Related",The Legend of the Ashen Knight,174
13,78,"A Lady of QualityBeing a Most Curious, Hitherto Unknown History, as Related",A Space Adventure,148
0,171,Fallout: An NCR Ranger's Tale,"Frank's Campaign; Or, The Farm and the Camp",86
1,171,Fallout: An NCR Ranger's Tale,Amazing title,65
2,171,Fallout: An NCR Ranger's Tale,The Crystal Stopper,83
3,171,Fallout: An NCR Ranger's Tale,Men of Iron,82
4,171,Fallout: An NCR Ranger's Tale,The Marriage Contract,81
5,171,Fallout: An NCR Ranger's Tale,The Hidden Masterpiece,79
6,171,Fallout: An NCR Ranger's Tale,The Last Days of Pompeii,84
7,171,Fallout: An NCR Ranger's Tale,"A Lady of QualityBeing a Most Curious, Hitherto Unknown History, as Related",78
8,171,Fallout: An NCR Ranger's Tale,The Legend of the Ten Rings,173
9,171,Fallout: An NCR Ranger's Tale,Richard the 3rd,165
10,171,Fallout: An NCR Ranger's Tale,Adieu,80
11,171,Fallout: An NCR Ranger's Tale,The Lily of the Valley,85
12,171,Fallout: An NCR Ranger's Tale,The Legend of the Ashen Knight,174
13,171,Fallout: An NCR Ranger's Tale,A Space Adventure,148
0,173,The Legend of the Ten Rings,"Frank's Campaign; Or, The Farm and the Camp",86
1,173,The Legend of the Ten Rings,Amazing title,65
2,173,The Legend of the Ten Rings,The Crystal Stopper,83
3,173,The Legend of the Ten Rings,Men of Iron,82
4,173,The Legend of the Ten Rings,The Marriage Contract,81
5,173,The Legend of the Ten Rings,The Hidden Masterpiece,79
6,173,The Legend of the Ten Rings,The Last Days of Pompeii,84
7,173,The Legend of the Ten Rings,"A Lady of QualityBeing a Most Curious, Hitherto Unknown History, as Related",78
8,173,The Legend of the Ten Rings,Fallout: An NCR Ranger's Tale,171
9,173,The Legend of the Ten Rings,Richard the 3rd,165
10,173,The Legend of the Ten Rings,Adieu,80
11,173,The Legend of the Ten Rings,The Lily of the Valley,85
12,173,The Legend of the Ten Rings,The Legend of the Ashen Knight,174
13,173,The Legend of the Ten Rings,A Space Adventure,148
0,165,Richard the 3rd,Amazing title,65
1,165,Richard the 3rd,The Crystal Stopper,83
2,165,Richard the 3rd,Men of Iron,82
3,165,Richard the 3rd,The Marriage Contract,81
4,165,Richard the 3rd,The Hidden Masterpiece,79
5,165,Richard the 3rd,The Last Days of Pompeii,84
6,165,Richard the 3rd,"A Lady of QualityBeing a Most Curious, Hitherto Unknown History, as Related",78
7,165,Richard the 3rd,Fallout: An NCR Ranger's Tale,171
8,165,Richard the 3rd,The Legend of the Ten Rings,173
9,165,Richard the 3rd,Richard the 3rd,165
10,165,Richard the 3rd,Adieu,80
11,165,Richard the 3rd,The Lily of the Valley,85
12,165,Richard the 3rd,The Legend of the Ashen Knight,174
13,165,Richard the 3rd,A Space Adventure,148
0,80,Adieu,"Frank's Campaign; Or, The Farm and the Camp",86
1,80,Adieu,Amazing title,65
2,80,Adieu,The Crystal Stopper,83
3,80,Adieu,Men of Iron,82
4,80,Adieu,The Marriage Contract,81
5,80,Adieu,The Hidden Masterpiece,79
6,80,Adieu,The Last Days of Pompeii,84
7,80,Adieu,"A Lady of QualityBeing a Most Curious, Hitherto Unknown History, as Related",78
8,80,Adieu,Fallout: An NCR Ranger's Tale,171
9,80,Adieu,The Legend of the Ten Rings,173
10,80,Adieu,Richard the 3rd,165
11,80,Adieu,The Lily of the Valley,85
12,80,Adieu,The Legend of the Ashen Knight,174
13,80,Adieu,A Space Adventure,148
0,85,The Lily of the Valley,The Lily of the Valley,85
1,85,The Lily of the Valley,"Frank's Campaign; Or, The Farm and the Camp",86
2,85,The Lily of the Valley,Amazing title,65
3,85,The Lily of the Valley,Men of Iron,82
4,85,The Lily of the Valley,The Marriage Contract,81
5,85,The Lily of the Valley,The Hidden Masterpiece,79
6,85,The Lily of the Valley,The Last Days of Pompeii,84
7,85,The Lily of the Valley,"A Lady of QualityBeing a Most Curious, Hitherto Unknown History, as Related",78
8,85,The Lily of the Valley,Fallout: An NCR Ranger's Tale,171
9,85,The Lily of the Valley,The Legend of the Ten Rings,173
10,85,The Lily of the Valley,Richard the 3rd,165
11,85,The Lily of the Valley,Adieu,80
12,85,The Lily of the Valley,The Legend of the Ashen Knight,174
13,85,The Lily of the Valley,A Space Adventure,148
0,174,The Legend of the Ashen Knight,"Frank's Campaign; Or, The Farm and the Camp",86
1,174,The Legend of the Ashen Knight,Amazing title,65
2,174,The Legend of the Ashen Knight,The Crystal Stopper,83
3,174,The Legend of the Ashen Knight,Men of Iron,82
4,174,The Legend of the Ashen Knight,The Marriage Contract,81
5,174,The Legend of the Ashen Knight,The Hidden Masterpiece,79
6,174,The Legend of the Ashen Knight,The Last Days of Pompeii,84
7,174,The Legend of the Ashen Knight,"A Lady of QualityBeing a Most Curious, Hitherto Unknown History, as Related",78
8,174,The Legend of the Ashen Knight,Fallout: An NCR Ranger's Tale,171
9,174,The Legend of the Ashen Knight,The Legend of the Ten Rings,173
10,174,The Legend of the Ashen Knight,Richard the 3rd,165
11,174,The Legend of the Ashen Knight,Adieu,80
12,174,The Legend of the Ashen Knight,The Lily of the Valley,85
13,174,The Legend of the Ashen Knight,A Space Adventure,148
0,148,A Space Adventure,"Frank's Campaign; Or, The Farm and the Camp",86
1,148,A Space Adventure,Amazing title,65
2,148,A Space Adventure,The Crystal Stopper,83
3,148,A Space Adventure,Men of Iron,82
4,148,A Space Adventure,The Marriage Contract,81
5,148,A Space Adventure,The Hidden Masterpiece,79
6,148,A Space Adventure,The Last Days of Pompeii,84
7,148,A Space Adventure,"A Lady of QualityBeing a Most Curious, Hitherto Unknown History, as Related",78
8,148,A Space Adventure,Fallout: An NCR Ranger's Tale,171
9,148,A Space Adventure,The Legend of the Ten Rings,173
10,148,A Space Adventure,Richard the 3rd,165
11,148,A Space Adventure,Adieu,80
12,148,A Space Adventure,The Lily of the Valley,85
13,148,A Space Adventure,The Legend of the Ashen Knight,174
0,163,Knights of the Fallen Empire Part 1,"Frank's Campaign; Or, The Farm and the Camp",86
1,163,Knights of the Fallen Empire Part 1,Amazing title,65
2,163,Knights of the Fallen Empire Part 1,The Crystal Stopper,83
3,163,Knights of the Fallen Empire Part 1,Men of Iron,82
4,163,Knights of the Fallen Empire Part 1,The Marriage Contract,81
5,163,Knights of the Fallen Empire Part 1,The Hidden Masterpiece,79
6,163,Knights of the Fallen Empire Part 1,The Last Days of Pompeii,84
7,163,Knights of the Fallen Empire Part 1,"A Lady of QualityBeing a Most Curious, Hitherto Unknown History, as Related",78
8,163,Knights of the Fallen Empire Part 1,Fallout: An NCR Ranger's Tale,171
9,163,Knights of the Fallen Empire Part 1,The Legend of the Ten Rings,173
10,163,Knights of the Fallen Empire Part 1,Richard the 3rd,165
11,163,Knights of the Fallen Empire Part 1,Adieu,80
12,163,Knights of the Fallen Empire Part 1,The Lily of the Valley,85
13,163,Knights of the Fallen Empire Part 1,The Legend of the Ashen Knight,174
0,123,test book #1,"Frank's Campaign; Or, The Farm and the Camp",86
1,123,test book #1,Amazing title,65
2,123,test book #1,The Crystal Stopper,83
3,123,test book #1,Men of Iron,82
4,123,test book #1,The Marriage Contract,81
5,123,test book #1,The Hidden Masterpiece,79
6,123,test book #1,The Last Days of Pompeii,84
7,123,test book #1,"A Lady of QualityBeing a Most Curious, Hitherto Unknown History, as Related",78
8,123,test book #1,Fallout: An NCR Ranger's Tale,171
9,123,test book #1,The Legend of the Ten Rings,173
10,123,test book #1,Richard the 3rd,165
11,123,test book #1,Adieu,80
12,123,test book #1,The Lily of the Valley,85
13,123,test book #1,The Legend of the Ashen Knight,174
0,155,Work in Progress Part three and a half fish,"Frank's Campaign; Or, The Farm and the Camp",86
1,155,Work in Progress Part three and a half fish,Amazing title,65
2,155,Work in Progress Part three and a half fish,The Crystal Stopper,83
3,155,Work in Progress Part three and a half fish,Men of Iron,82
4,155,Work in Progress Part three and a half fish,The Marriage Contract,81
5,155,Work in Progress Part three and a half fish,The Hidden Masterpiece,79
6,155,Work in Progress Part three and a half fish,The Last Days of Pompeii,84
7,155,Work in Progress Part three and a half fish,"A Lady of QualityBeing a Most Curious, Hitherto Unknown History, as Related",78
8,155,Work in Progress Part three and a half fish,Fallout: An NCR Ranger's Tale,171
9,155,Work in Progress Part three and a half fish,The Legend of the Ten Rings,173
10,155,Work in Progress Part three and a half fish,Richard the 3rd,165
11,155,Work in Progress Part three and a half fish,Adieu,80
12,155,Work in Progress Part three and a half fish,The Lily of the Valley,85
13,155,Work in Progress Part three and a half fish,The Legend of the Ashen Knight,174
0,125,BOok,Amazing title,65
1,125,BOok,The Crystal Stopper,83
2,125,BOok,Men of Iron,82
3,125,BOok,The Marriage Contract,81
4,125,BOok,The Hidden Masterpiece,79
5,125,BOok,The Last Days of Pompeii,84
6,125,BOok,"A Lady of QualityBeing a Most Curious, Hitherto Unknown History, as Related",78
7,125,BOok,Fallout: An NCR Ranger's Tale,171
8,125,BOok,The Legend of the Ten Rings,173
9,125,BOok,Richard the 3rd,165
10,125,BOok,Adieu,80
11,125,BOok,The Lily of the Valley,85
12,125,BOok,The Legend of the Ashen Knight,174
13,125,BOok,A Space Adventure,148
0,152,Whispers from the Woodwork,"Frank's Campaign; Or, The Farm and the Camp",86
1,152,Whispers from the Woodwork,Amazing title,65
2,152,Whispers from the Woodwork,The Crystal Stopper,83
3,152,Whispers from the Woodwork,Men of Iron,82
4,152,Whispers from the Woodwork,The Marriage Contract,81
5,152,Whispers from the Woodwork,The Hidden Masterpiece,79
6,152,Whispers from the Woodwork,The Last Days of Pompeii,84
7,152,Whispers from the Woodwork,"A Lady of QualityBeing a Most Curious, Hitherto Unknown History, as Related",78
8,152,Whispers from the Woodwork,Fallout: An NCR Ranger's Tale,171
9,152,Whispers from the Woodwork,The Legend of the Ten Rings,173
10,152,Whispers from the Woodwork,Richard the 3rd,165
11,152,Whispers from the Woodwork,Adieu,80
12,152,Whispers from the Woodwork,The Lily of the Valley,85
13,152,Whispers from the Woodwork,The Legend of the Ashen Knight,174
0,159,The Wasp Factory,Amazing title,65
1,159,The Wasp Factory,The Crystal Stopper,83
2,159,The Wasp Factory,Men of Iron,82
3,159,The Wasp Factory,The Marriage Contract,81
4,159,The Wasp Factory,The Hidden Masterpiece,79
5,159,The Wasp Factory,The Last Days of Pompeii,84
6,159,The Wasp Factory,"A Lady of QualityBeing a Most Curious, Hitherto Unknown History, as Related",78
7,159,The Wasp Factory,Fallout: An NCR Ranger's Tale,171
8,159,The Wasp Factory,The Legend of the Ten Rings,173
9,159,The Wasp Factory,Richard the 3rd,165
10,159,The Wasp Factory,Adieu,80
11,159,The Wasp Factory,The Lily of the Valley,85
12,159,The Wasp Factory,The Legend of the Ashen Knight,174
13,159,The Wasp Factory,A Space Adventure,148
0,149,Echos of Mythos 6,"Frank's Campaign; Or, The Farm and the Camp",86
1,149,Echos of Mythos 6,Amazing title,65
2,149,Echos of Mythos 6,The Crystal Stopper,83
3,149,Echos of Mythos 6,Men of Iron,82
4,149,Echos of Mythos 6,The Marriage Contract,81
5,149,Echos of Mythos 6,The Hidden Masterpiece,79
6,149,Echos of Mythos 6,The Last Days of Pompeii,84
7,149,Echos of Mythos 6,"A Lady of QualityBeing a Most Curious, Hitherto Unknown History, as Related",78
8,149,Echos of Mythos 6,Fallout: An NCR Ranger's Tale,171
9,149,Echos of Mythos 6,The Legend of the Ten Rings,173
10,149,Echos of Mythos 6,Richard the 3rd,165
11,149,Echos of Mythos 6,Adieu,80
12,149,Echos of Mythos 6,The Lily of the Valley,85
13,149,Echos of Mythos 6,The Legend of the Ashen Knight,174
0,161,The Wasp Factory,Amazing title,65
1,161,The Wasp Factory,The Crystal Stopper,83
2,161,The Wasp Factory,Men of Iron,82
3,161,The Wasp Factory,The Marriage Contract,81
4,161,The Wasp Factory,The Hidden Masterpiece,79
5,161,The Wasp Factory,The Last Days of Pompeii,84
6,161,The Wasp Factory,"A Lady of QualityBeing a Most Curious, Hitherto Unknown History, as Related",78
7,161,The Wasp Factory,Fallout: An NCR Ranger's Tale,171
8,161,The Wasp Factory,The Legend of the Ten Rings,173
9,161,The Wasp Factory,Richard the 3rd,165
10,161,The Wasp Factory,Adieu,80
11,161,The Wasp Factory,The Lily of the Valley,85
12,161,The Wasp Factory,The Legend of the Ashen Knight,174
13,161,The Wasp Factory,A Space Adventure,148
0,167,Richard test,Amazing title,65
1,167,Richard test,The Crystal Stopper,83
2,167,Richard test,Men of Iron,82
3,167,Richard test,The Marriage Contract,81
4,167,Richard test,The Hidden Masterpiece,79
5,167,Richard test,The Last Days of Pompeii,84
6,167,Richard test,"A Lady of QualityBeing a Most Curious, Hitherto Unknown History, as Related",78
7,167,Richard test,Fallout: An NCR Ranger's Tale,171
8,167,Richard test,The Legend of the Ten Rings,173
9,167,Richard test,Richard the 3rd,165
10,167,Richard test,Adieu,80
11,167,Richard test,The Lily of the Valley,85
12,167,Richard test,The Legend of the Ashen Knight,174
13,167,Richard test,A Space Adventure,148
0,175,The Legend of the Vermillion Knight Testa Rossa,"Frank's Campaign; Or, The Farm and the Camp",86
1,175,The Legend of the Vermillion Knight Testa Rossa,Amazing title,65
2,175,The Legend of the Vermillion Knight Testa Rossa,The Crystal Stopper,83
3,175,The Legend of the Vermillion Knight Testa Rossa,Men of Iron,82
4,175,The Legend of the Vermillion Knight Testa Rossa,The Marriage Contract,81
5,175,The Legend of the Vermillion Knight Testa Rossa,The Hidden Masterpiece,79
6,175,The Legend of the Vermillion Knight Testa Rossa,The Last Days of Pompeii,84
7,175,The Legend of the Vermillion Knight Testa Rossa,"A Lady of QualityBeing a Most Curious, Hitherto Unknown History, as Related",78
8,175,The Legend of the Vermillion Knight Testa Rossa,Fallout: An NCR Ranger's Tale,171
9,175,The Legend of the Vermillion Knight Testa Rossa,The Legend of the Ten Rings,173
10,175,The Legend of the Vermillion Knight Testa Rossa,Richard the 3rd,165
11,175,The Legend of the Vermillion Knight Testa Rossa,Adieu,80
12,175,The Legend of the Vermillion Knight Testa Rossa,The Lily of the Valley,85
13,175,The Legend of the Vermillion Knight Testa Rossa,The Legend of the Ashen Knight,174
0,156,New Book,"Frank's Campaign; Or, The Farm and the Camp",86
1,156,New Book,Amazing title,65
2,156,New Book,The Crystal Stopper,83
3,156,New Book,Men of Iron,82
4,156,New Book,The Marriage Contract,81
5,156,New Book,The Hidden Masterpiece,79
6,156,New Book,The Last Days of Pompeii,84
7,156,New Book,"A Lady of QualityBeing a Most Curious, Hitherto Unknown History, as Related",78
8,156,New Book,Fallout: An NCR Ranger's Tale,171
9,156,New Book,The Legend of the Ten Rings,173
10,156,New Book,Richard the 3rd,165
11,156,New Book,Adieu,80
12,156,New Book,The Lily of the Valley,85
13,156,New Book,The Legend of the Ashen Knight,174
0,130,first book,"Frank's Campaign; Or, The Farm and the Camp",86
1,130,first book,Amazing title,65
2,130,first book,The Crystal Stopper,83
3,130,first book,Men of Iron,82
4,130,first book,The Marriage Contract,81
5,130,first book,The Hidden Masterpiece,79
6,130,first book,The Last Days of Pompeii,84
7,130,first book,"A Lady of QualityBeing a Most Curious, Hitherto Unknown History, as Related",78
8,130,first book,Fallout: An NCR Ranger's Tale,171
9,130,first book,The Legend of the Ten Rings,173
10,130,first book,Richard the 3rd,165
11,130,first book,Adieu,80
12,130,first book,The Lily of the Valley,85
13,130,first book,The Legend of the Ashen Knight,174
0,131,Book of Bella,Amazing title,65
1,131,Book of Bella,The Crystal Stopper,83
2,131,Book of Bella,Men of Iron,82
3,131,Book of Bella,The Marriage Contract,81
4,131,Book of Bella,The Hidden Masterpiece,79
5,131,Book of Bella,The Last Days of Pompeii,84
6,131,Book of Bella,"A Lady of QualityBeing a Most Curious, Hitherto Unknown History, as Related",78
7,131,Book of Bella,Fallout: An NCR Ranger's Tale,171
8,131,Book of Bella,The Legend of the Ten Rings,173
9,131,Book of Bella,Richard the 3rd,165
10,131,Book of Bella,Adieu,80
11,131,Book of Bella,The Lily of the Valley,85
12,131,Book of Bella,The Legend of the Ashen Knight,174
13,131,Book of Bella,A Space Adventure,148
0,158,Space Pirates,"Frank's Campaign; Or, The Farm and the Camp",86
1,158,Space Pirates,Amazing title,65
2,158,Space Pirates,The Crystal Stopper,83
3,158,Space Pirates,Men of Iron,82
4,158,Space Pirates,The Marriage Contract,81
5,158,Space Pirates,The Hidden Masterpiece,79
6,158,Space Pirates,The Last Days of Pompeii,84
7,158,Space Pirates,"A Lady of QualityBeing a Most Curious, Hitherto Unknown History, as Related",78
8,158,Space Pirates,Fallout: An NCR Ranger's Tale,171
9,158,Space Pirates,The Legend of the Ten Rings,173
10,158,Space Pirates,Richard the 3rd,165
11,158,Space Pirates,Adieu,80
12,158,Space Pirates,The Lily of the Valley,85
13,158,Space Pirates,The Legend of the Ashen Knight,174
0,122,The Wasp Factory,Amazing title,65
1,122,The Wasp Factory,The Crystal Stopper,83
2,122,The Wasp Factory,Men of Iron,82
3,122,The Wasp Factory,The Marriage Contract,81
4,122,The Wasp Factory,The Hidden Masterpiece,79
5,122,The Wasp Factory,The Last Days of Pompeii,84
6,122,The Wasp Factory,"A Lady of QualityBeing a Most Curious, Hitherto Unknown History, as Related",78
7,122,The Wasp Factory,Fallout: An NCR Ranger's Tale,171
8,122,The Wasp Factory,The Legend of the Ten Rings,173
9,122,The Wasp Factory,Richard the 3rd,165
10,122,The Wasp Factory,Adieu,80
11,122,The Wasp Factory,The Lily of the Valley,85
12,122,The Wasp Factory,The Legend of the Ashen Knight,174
13,122,The Wasp Factory,A Space Adventure,148
0,179,Horror Story # 1: The story of the Musical King,"Frank's Campaign; Or, The Farm and the Camp",86
1,179,Horror Story # 1: The story of the Musical King,Amazing title,65
2,179,Horror Story # 1: The story of the Musical King,The Crystal Stopper,83
3,179,Horror Story # 1: The story of the Musical King,Men of Iron,82
4,179,Horror Story # 1: The story of the Musical King,The Marriage Contract,81
5,179,Horror Story # 1: The story of the Musical King,The Hidden Masterpiece,79
6,179,Horror Story # 1: The story of the Musical King,The Last Days of Pompeii,84
7,179,Horror Story # 1: The story of the Musical King,"A Lady of QualityBeing a Most Curious, Hitherto Unknown History, as Related",78
8,179,Horror Story # 1: The story of the Musical King,Fallout: An NCR Ranger's Tale,171
9,179,Horror Story # 1: The story of the Musical King,The Legend of the Ten Rings,173
10,179,Horror Story # 1: The story of the Musical King,Richard the 3rd,165
11,179,Horror Story # 1: The story of the Musical King,Adieu,80
12,179,Horror Story # 1: The story of the Musical King,The Lily of the Valley,85
13,179,Horror Story # 1: The story of the Musical King,The Legend of the Ashen Knight,174
0,106,Test Tanner Owner,Amazing title,65
1,106,Test Tanner Owner,The Crystal Stopper,83
2,106,Test Tanner Owner,Men of Iron,82
3,106,Test Tanner Owner,The Marriage Contract,81
4,106,Test Tanner Owner,The Hidden Masterpiece,79
5,106,Test Tanner Owner,The Last Days of Pompeii,84
6,106,Test Tanner Owner,"A Lady of QualityBeing a Most Curious, Hitherto Unknown History, as Related",78
7,106,Test Tanner Owner,Fallout: An NCR Ranger's Tale,171
8,106,Test Tanner Owner,The Legend of the Ten Rings,173
9,106,Test Tanner Owner,Richard the 3rd,165
10,106,Test Tanner Owner,Adieu,80
11,106,Test Tanner Owner,The Lily of the Valley,85
12,106,Test Tanner Owner,The Legend of the Ashen Knight,174
13,106,Test Tanner Owner,A Space Adventure,148
0,107,Tanners Test book again jesus,Amazing title,65
1,107,Tanners Test book again jesus,The Crystal Stopper,83
2,107,Tanners Test book again jesus,Men of Iron,82
3,107,Tanners Test book again jesus,The Marriage Contract,81
4,107,Tanners Test book again jesus,The Hidden Masterpiece,79
5,107,Tanners Test book again jesus,The Last Days of Pompeii,84
6,107,Tanners Test book again jesus,"A Lady of QualityBeing a Most Curious, Hitherto Unknown History, as Related",78
7,107,Tanners Test book again jesus,Fallout: An NCR Ranger's Tale,171
8,107,Tanners Test book again jesus,The Legend of the Ten Rings,173
9,107,Tanners Test book again jesus,Richard the 3rd,165
10,107,Tanners Test book again jesus,Adieu,80
11,107,Tanners Test book again jesus,The Lily of the Valley,85
12,107,Tanners Test book again jesus,The Legend of the Ashen Knight,174
13,107,Tanners Test book again jesus,A Space Adventure,148
0,108,Lets make another book,Amazing title,65
1,108,Lets make another book,The Crystal Stopper,83
2,108,Lets make another book,Men of Iron,82
3,108,Lets make another book,The Marriage Contract,81
4,108,Lets make another book,The Hidden Masterpiece,79
5,108,Lets make another book,The Last Days of Pompeii,84
6,108,Lets make another book,"A Lady of QualityBeing a Most Curious, Hitherto Unknown History, as Related",78
7,108,Lets make another book,Fallout: An NCR Ranger's Tale,171
8,108,Lets make another book,The Legend of the Ten Rings,173
9,108,Lets make another book,Richard the 3rd,165
10,108,Lets make another book,Adieu,80
11,108,Lets make another book,The Lily of the Valley,85
12,108,Lets make another book,The Legend of the Ashen Knight,174
13,108,Lets make another book,A Space Adventure,148
0,109,Comment Demo,Amazing title,65
1,109,Comment Demo,The Crystal Stopper,83
2,109,Comment Demo,Men of Iron,82
3,109,Comment Demo,The Marriage Contract,81
4,109,Comment Demo,The Hidden Masterpiece,79
5,109,Comment Demo,The Last Days of Pompeii,84
6,109,Comment Demo,"A Lady of QualityBeing a Most Curious, Hitherto Unknown History, as Related",78
7,109,Comment Demo,Fallout: An NCR Ranger's Tale,171
8,109,Comment Demo,The Legend of the Ten Rings,173
9,109,Comment Demo,Richard the 3rd,165
10,109,Comment Demo,Adieu,80
11,109,Comment Demo,The Lily of the Valley,85
12,109,Comment Demo,The Legend of the Ashen Knight,174
13,109,Comment Demo,A Space Adventure,148
0,111,Continuity Test,"Frank's Campaign; Or, The Farm and the Camp",86
1,111,Continuity Test,Amazing title,65
2,111,Continuity Test,The Crystal Stopper,83
3,111,Continuity Test,Men of Iron,82
4,111,Continuity Test,The Marriage Contract,81
5,111,Continuity Test,The Hidden Masterpiece,79
6,111,Continuity Test,The Last Days of Pompeii,84
7,111,Continuity Test,"A Lady of QualityBeing a Most Curious, Hitherto Unknown History, as Related",78
8,111,Continuity Test,Fallout: An NCR Ranger's Tale,171
9,111,Continuity Test,The Legend of the Ten Rings,173
10,111,Continuity Test,Richard the 3rd,165
11,111,Continuity Test,Adieu,80
12,111,Continuity Test,The Lily of the Valley,85
13,111,Continuity Test,The Legend of the Ashen Knight,174
0,114,Tanners Newest Book,Amazing title,65
1,114,Tanners Newest Book,The Crystal Stopper,83
2,114,Tanners Newest Book,Men of Iron,82
3,114,Tanners Newest Book,The Marriage Contract,81
4,114,Tanners Newest Book,The Hidden Masterpiece,79
5,114,Tanners Newest Book,The Last Days of Pompeii,84
6,114,Tanners Newest Book,"A Lady of QualityBeing a Most Curious, Hitherto Unknown History, as Related",78
7,114,Tanners Newest Book,Fallout: An NCR Ranger's Tale,171
8,114,Tanners Newest Book,The Legend of the Ten Rings,173
9,114,Tanners Newest Book,Richard the 3rd,165
10,114,Tanners Newest Book,Adieu,80
11,114,Tanners Newest Book,The Lily of the Valley,85
12,114,Tanners Newest Book,The Legend of the Ashen Knight,174
13,114,Tanners Newest Book,A Space Adventure,148
0,119,David sucks,"Frank's Campaign; Or, The Farm and the Camp",86
1,119,David sucks,Amazing title,65
2,119,David sucks,The Crystal Stopper,83
3,119,David sucks,Men of Iron,82
4,119,David sucks,The Marriage Contract,81
5,119,David sucks,The Hidden Masterpiece,79
6,119,David sucks,The Last Days of Pompeii,84
7,119,David sucks,"A Lady of QualityBeing a Most Curious, Hitherto Unknown History, as Related",78
8,119,David sucks,Fallout: An NCR Ranger's Tale,171
9,119,David sucks,The Legend of the Ten Rings,173
10,119,David sucks,Richard the 3rd,165
11,119,David sucks,Adieu,80
12,119,David sucks,The Lily of the Valley,85
13,119,David sucks,The Legend of the Ashen Knight,174
0,150,Neon Hearts,"Frank's Campaign; Or, The Farm and the Camp",86
1,150,Neon Hearts,Amazing title,65
2,150,Neon Hearts,The Crystal Stopper,83
3,150,Neon Hearts,Men of Iron,82
4,150,Neon Hearts,The Marriage Contract,81
5,150,Neon Hearts,The Hidden Masterpiece,79
6,150,Neon Hearts,The Last Days of Pompeii,84
7,150,Neon Hearts,"A Lady of QualityBeing a Most Curious, Hitherto Unknown History, as Related",78
8,150,Neon Hearts,Fallout: An NCR Ranger's Tale,171
9,150,Neon Hearts,The Legend of the Ten Rings,173
10,150,Neon Hearts,Richard the 3rd,165
11,150,Neon Hearts,Adieu,80
12,150,Neon Hearts,The Lily of the Valley,85
13,150,Neon Hearts,The Legend of the Ashen Knight,174
0,160,Space Pirates: Pirates in Spaaaaaace,Amazing title,65
1,160,Space Pirates: Pirates in Spaaaaaace,The Crystal Stopper,83
2,160,Space Pirates: Pirates in Spaaaaaace,Men of Iron,82
3,160,Space Pirates: Pirates in Spaaaaaace,The Marriage Contract,81
4,160,Space Pirates: Pirates in Spaaaaaace,The Hidden Masterpiece,79
5,160,Space Pirates: Pirates in Spaaaaaace,The Last Days of Pompeii,84
6,160,Space Pirates: Pirates in Spaaaaaace,"A Lady of QualityBeing a Most Curious, Hitherto Unknown History, as Related",78
7,160,Space Pirates: Pirates in Spaaaaaace,Fallout: An NCR Ranger's Tale,171
8,160,Space Pirates: Pirates in Spaaaaaace,The Legend of the Ten Rings,173
9,160,Space Pirates: Pirates in Spaaaaaace,Richard the 3rd,165
10,160,Space Pirates: Pirates in Spaaaaaace,Adieu,80
11,160,Space Pirates: Pirates in Spaaaaaace,The Lily of the Valley,85
12,160,Space Pirates: Pirates in Spaaaaaace,The Legend of the Ashen Knight,174
13,160,Space Pirates: Pirates in Spaaaaaace,A Space Adventure,148
0,170,Red Moon Rose,"Frank's Campaign; Or, The Farm and the Camp",86
1,170,Red Moon Rose,Amazing title,65
2,170,Red Moon Rose,The Crystal Stopper,83
3,170,Red Moon Rose,Men of Iron,82
4,170,Red Moon Rose,The Marriage Contract,81
5,170,Red Moon Rose,The Hidden Masterpiece,79
6,170,Red Moon Rose,The Last Days of Pompeii,84
7,170,Red Moon Rose,"A Lady of QualityBeing a Most Curious, Hitherto Unknown History, as Related",78
8,170,Red Moon Rose,Fallout: An NCR Ranger's Tale,171
9,170,Red Moon Rose,The Legend of the Ten Rings,173
10,170,Red Moon Rose,Richard the 3rd,165
11,170,Red Moon Rose,Adieu,80
12,170,Red Moon Rose,The Lily of the Valley,85
13,170,Red Moon Rose,The Legend of the Ashen Knight,174
0,166,Na richard,Amazing title,65
1,166,Na richard,The Crystal Stopper,83
2,166,Na richard,Men of Iron,82
3,166,Na richard,The Marriage Contract,81
4,166,Na richard,The Hidden Masterpiece,79
5,166,Na richard,The Last Days of Pompeii,84
6,166,Na richard,"A Lady of QualityBeing a Most Curious, Hitherto Unknown History, as Related",78
7,166,Na richard,Fallout: An NCR Ranger's Tale,171
8,166,Na richard,The Legend of the Ten Rings,173
9,166,Na richard,Richard the 3rd,165
10,166,Na richard,Adieu,80
11,166,Na richard,The Lily of the Valley,85
12,166,Na richard,The Legend of the Ashen Knight,174
13,166,Na richard,A Space Adventure,148
0,168,Alice,Amazing title,65
1,168,Alice,The Crystal Stopper,83
2,168,Alice,Men of Iron,82
3,168,Alice,The Marriage Contract,81
4,168,Alice,The Hidden Masterpiece,79
5,168,Alice,The Last Days of Pompeii,84
6,168,Alice,"A Lady of QualityBeing a Most Curious, Hitherto Unknown History, as Related",78
7,168,Alice,Fallout: An NCR Ranger's Tale,171
8,168,Alice,The Legend of the Ten Rings,173
9,168,Alice,Richard the 3rd,165
10,168,Alice,Adieu,80
11,168,Alice,The Lily of the Valley,85
12,168,Alice,The Legend of the Ashen Knight,174
13,168,Alice,A Space Adventure,148
0,162,1989,"Frank's Campaign; Or, The Farm and the Camp",86
1,162,1989,Amazing title,65
2,162,1989,The Crystal Stopper,83
3,162,1989,Men of Iron,82
4,162,1989,The Marriage Contract,81
5,162,1989,The Hidden Masterpiece,79
6,162,1989,The Last Days of Pompeii,84
7,162,1989,"A Lady of QualityBeing a Most Curious, Hitherto Unknown History, as Related",78
8,162,1989,Fallout: An NCR Ranger's Tale,171
9,162,1989,The Legend of the Ten Rings,173
10,162,1989,Richard the 3rd,165
11,162,1989,Adieu,80
12,162,1989,The Lily of the Valley,85
13,162,1989,The Legend of the Ashen Knight,174
0,180,title,Amazing title,65
1,180,title,The Crystal Stopper,83
2,180,title,Men of Iron,82
3,180,title,The Marriage Contract,81
4,180,title,The Hidden Masterpiece,79
5,180,title,The Last Days of Pompeii,84
6,180,title,"A Lady of QualityBeing a Most Curious, Hitherto Unknown History, as Related",78
7,180,title,Fallout: An NCR Ranger's Tale,171
8,180,title,The Legend of the Ten Rings,173
9,180,title,Richard the 3rd,165
10,180,title,Adieu,80
11,180,title,The Lily of the Valley,85
12,180,title,The Legend of the Ashen Knight,174
13,180,title,A Space Adventure,148
